{
  "dataset_info": {
    "name": "Anthropic/hh-rlhf",
    "split": "train",
    "size": 100
  },
  "length_distribution": {
    "prompt_length": {
      "mean": 3.0,
      "min": 3,
      "max": 3
    },
    "chosen_length": {
      "mean": 6.0,
      "min": 6,
      "max": 6
    },
    "rejected_length": {
      "mean": 6.0,
      "min": 6,
      "max": 6
    }
  },
  "vocabulary_statistics": {
    "total_words": 1500,
    "unique_words": 106,
    "vocabulary_diversity": 0.07066666666666667,
    "top_100_words": {
      "mock": 300,
      "prompt": 300,
      "response": 200,
      "for": 200,
      "chosen": 100,
      "rejected": 100,
      "0": 3,
      "1": 3,
      "2": 3,
      "3": 3,
      "4": 3,
      "5": 3,
      "6": 3,
      "7": 3,
      "8": 3,
      "9": 3,
      "10": 3,
      "11": 3,
      "12": 3,
      "13": 3,
      "14": 3,
      "15": 3,
      "16": 3,
      "17": 3,
      "18": 3,
      "19": 3,
      "20": 3,
      "21": 3,
      "22": 3,
      "23": 3,
      "24": 3,
      "25": 3,
      "26": 3,
      "27": 3,
      "28": 3,
      "29": 3,
      "30": 3,
      "31": 3,
      "32": 3,
      "33": 3,
      "34": 3,
      "35": 3,
      "36": 3,
      "37": 3,
      "38": 3,
      "39": 3,
      "40": 3,
      "41": 3,
      "42": 3,
      "43": 3,
      "44": 3,
      "45": 3,
      "46": 3,
      "47": 3,
      "48": 3,
      "49": 3,
      "50": 3,
      "51": 3,
      "52": 3,
      "53": 3,
      "54": 3,
      "55": 3,
      "56": 3,
      "57": 3,
      "58": 3,
      "59": 3,
      "60": 3,
      "61": 3,
      "62": 3,
      "63": 3,
      "64": 3,
      "65": 3,
      "66": 3,
      "67": 3,
      "68": 3,
      "69": 3,
      "70": 3,
      "71": 3,
      "72": 3,
      "73": 3,
      "74": 3,
      "75": 3,
      "76": 3,
      "77": 3,
      "78": 3,
      "79": 3,
      "80": 3,
      "81": 3,
      "82": 3,
      "83": 3,
      "84": 3,
      "85": 3,
      "86": 3,
      "87": 3,
      "88": 3,
      "89": 3,
      "90": 3,
      "91": 3,
      "92": 3,
      "93": 3
    }
  },
  "response_differences": {
    "length_difference": {
      "mean": 0.0,
      "std": 0.0
    },
    "vocabulary_overlap": {
      "mean": 0.7142857142857142,
      "min": 0.7142857142857143,
      "max": 0.7142857142857143
    }
  }
}