{
  "beta_mean": 1204.669921875,
  "beta_std": 176.40206909179688,
  "beta_min": 917.80126953125,
  "beta_max": 1914.8489990234375,
  "ppl_mean": 1186.0150146484375,
  "ppl_std": 106.5677261352539,
  "chosen_rejected_diff": 109.4576416015625,
  "chosen_rejected_overlap": 0.4000006121618188,
  "bleu_score": 0.04970787578611782,
  "rouge_rouge1": 0.4444444444444445,
  "rouge_rouge2": 0.0,
  "rouge_rougeL": 0.4444444444444445,
  "response_length_mean": 3.0,
  "response_length_std": 0.0,
  "vocab_diversity": 0.1,
  "repetition_rate": 0.0
}