{
  "train_loss": [
    -0.23887024819850922,
    -0.25653350353240967,
    -0.2537095546722412,
    -0.3039266765117645,
    -0.29647040367126465,
    -0.3503262400627136,
    -0.30525919795036316,
    -0.29055318236351013,
    -0.18862898647785187,
    -0.12865450978279114,
    -0.14787589013576508,
    -0.13528116047382355
  ],
  "eval_loss": [
    -0.28118064999580383,
    -0.343327134847641,
    -0.2737307846546173,
    -0.2539392411708832,
    -0.147737517952919,
    -0.06021649390459061
  ],
  "beta_values": [
    0.47597417703596484,
    0.5342940485992356,
    0.5553356270239291,
    0.6979814753060876,
    0.717078574124044,
    0.889491296428923,
    0.8150913358013672,
    0.7960850066809426,
    0.5736592599950694,
    0.4129830900244309,
    0.5152811534836603,
    0.5112896841807373
  ],
  "epochs": 3,
  "batch_size": 32,
  "learning_rate": 2e-05,
  "optimizer": "AdamW",
  "device": "CPU (Mock)",
  "metrics": {
    "ppl_history": [
      468.6173095703125,
      400.3400573730469,
      400.2734375,
      342.29156494140625,
      293.01153564453125,
      293.060302734375,
      251.0612030029297,
      215.41506958007812,
      215.364013671875,
      184.9505615234375,
      159.11129760742188,
      159.11212158203125,
      137.0275115966797,
      118.25968933105469,
      118.24000549316406,
      102.27239227294922,
      88.62995147705078,
      88.67031860351562
    ],
    "accuracy_history": [
      100.0,
      100.0,
      100.0,
      100.0,
      100.0,
      100.0,
      100.0,
      100.0,
      100.0,
      100.0,
      100.0,
      100.0,
      100.0,
      100.0,
      100.0,
      100.0,
      100.0,
      100.0
    ],
    "quality_scores": [
      0,
      0,
      0,
      0,
      0,
      0,
      0,
      0,
      0,
      0,
      0,
      0,
      0,
      0,
      0,
      0,
      0,
      0
    ],
    "steps": [
      0,
      2,
      4,
      6,
      8,
      10
    ]
  }
}